Country,Country_Code,NATO_Accession,EU_Accession,Population_2020,Region,Border_Russia,Year,Defence_GDP_Percentage,Defence_USD_Million,Defence_Per_Capita_USD,NATO_Member,Years_Since_NATO,Years_To_NATO,Pre_NATO_5yr,Post_NATO_5yr,Post_2014,Post_2022,NATO_Wave,Meets_NATO_Target,Period,Log_Defence_USD,Log_Defence_GDP,Log_Per_Capita,Time_Trend_Numeric,Time_Trend_Sq,NATO_x_Post2014,NATO_x_Post2022,Border_x_Post2014,Border_x_Post2022
Albania,ALB,2009,NA,2.9,Balkans,0,1995,1.8254985285224392,79409,27382,0,NA,14,0,0,0,0,Third_Wave_2009,0,1995-1999,11.282379583889256,0.6073161222777426,10.21767766186868,0,0,0,0,0,0
Albania,ALB,2009,NA,2.9,Balkans,0,1996,1.4139775264682248,61508,21210,0,NA,13,0,0,0,0,Third_Wave_2009,0,1995-1999,11.026938784551156,0.35345403089068617,9.962275194019217,1,1,0,0,0,0
Albania,ALB,2009,NA,2.9,Balkans,0,1997,1.9446572722215205,84593,29170,0,NA,12,0,0,0,0,Third_Wave_2009,0,1995-1999,11.345618621093417,0.6702148697424403,10.280930344070526,2,4,0,0,0,0
Albania,ALB,2009,NA,2.9,Balkans,0,1998,1.4513957760948688,63136,21771,0,NA,11,0,0,0,0,Third_Wave_2009,0,1995-1999,11.053062247521035,0.37939199005663127,9.988380019554091,3,9,0,0,0,0
Albania,ALB,2009,NA,2.9,Balkans,0,1999,2.0178285118052735,87776,30268,0,NA,10,0,0,0,0,Third_Wave_2009,1,1995-1999,11.382554786308235,0.7069655218997069,10.317879365460813,4,16,0,0,0,0
Albania,ALB,2009,NA,2.9,Balkans,0,2000,1.4959406703710558,65073,22439,0,NA,9,0,0,0,0,Third_Wave_2009,0,2000-2004,11.08328036286033,0.4094177330977316,10.018600359636633,5,25,0,0,0,0
Albania,ALB,2009,NA,2.9,Balkans,0,2001,1.5998061816580593,69592,23997,0,NA,8,0,0,0,0,Third_Wave_2009,0,2000-2004,11.150419266551891,0.4761137876863115,10.085725772524334,6,36,0,0,0,0
Albania,ALB,2009,NA,2.9,Balkans,0,2002,1.6116986081516371,70109,24176,0,NA,7,0,0,0,0,Third_Wave_2009,0,2000-2004,11.157820716201014,0.4834741234778157,10.093157046992621,7,49,0,0,0,0
Albania,ALB,2009,NA,2.9,Balkans,0,2003,1.1910291617456825,51810,17866,0,NA,6,0,0,0,0,Third_Wave_2009,0,2000-2004,10.855357760915753,0.18317882402344754,9.790710714933168,8,64,0,0,0,0
Albania,ALB,2009,NA,2.9,Balkans,0,2004,1.7673258805740626,76879,26510,0,NA,5,1,0,0,0,Third_Wave_2009,0,2000-2004,11.250001043644174,0.5751099204141649,10.185315020186113,9,81,0,0,0,0
Albania,ALB,2009,NA,2.9,Balkans,0,2005,1.6613174744881691,72267,24920,0,NA,4,1,0,0,0,Third_Wave_2009,0,2005-2009,11.188136709893818,0.5136122222843432,10.123466100507182,10,100,0,0,0,0
Albania,ALB,2009,NA,2.9,Balkans,0,2006,1.4983169064065442,65177,22475,0,NA,3,1,0,0,0,Third_Wave_2009,0,2005-2009,11.084877267661806,0.41099439764428314,10.02020335223209,11,121,0,0,0,0
Albania,ALB,2009,NA,2.9,Balkans,0,2007,1.7432898419024423,75833,26149,0,NA,2,1,0,0,0,Third_Wave_2009,0,2005-2009,11.23630201987518,0.5614939327752527,10.171604469493069,12,144,0,0,0,0
Albania,ALB,2009,NA,2.9,Balkans,0,2008,1.7856099674664438,77674,26784,0,NA,1,1,0,0,0,Third_Wave_2009,0,2005-2009,11.260288734261248,0.5853447789608255,10.19559730831506,13,169,0,0,0,0
Albania,ALB,2009,NA,2.9,Balkans,0,2009,1.6344470839109273,71098,24517,1,0,NA,0,1,0,0,Third_Wave_2009,0,2005-2009,11.171828550994814,0.4974042085135312,10.10716282065494,14,196,0,0,0,0
Albania,ALB,2009,NA,2.9,Balkans,0,2010,1.403332082554698,61045,21050,1,1,NA,0,1,0,0,Third_Wave_2009,0,2010-2014,11.019382957326798,0.3459500955904816,9.954703343920398,15,225,0,0,0,0
Albania,ALB,2009,NA,2.9,Balkans,0,2011,1.9035724469600244,82805,28553,1,2,NA,0,1,0,0,Third_Wave_2009,0,2010-2014,11.324255801516095,0.648971886133739,10.259552310349166,16,256,0,0,0,0
Albania,ALB,2009,NA,2.9,Balkans,0,2012,1.9430078938184305,84521,29145,1,3,NA,0,1,0,0,Third_Wave_2009,0,2010-2014,11.344767134488363,0.6693706937800911,10.280072961093643,17,289,0,0,0,0
Albania,ALB,2009,NA,2.9,Balkans,0,2013,2.03952323731035,88719,30593,1,4,NA,0,1,0,0,Third_Wave_2009,1,2010-2014,11.39324062202425,0.7176071989366968,10.32855919028321,18,324,0,0,0,0
Albania,ALB,2009,NA,2.9,Balkans,0,2014,2.071283142277971,90101,31069,1,5,NA,0,0,1,0,Third_Wave_2009,1,2010-2014,11.408697640908336,0.7329845988374715,10.343998002387092,19,361,1,0,0,0
Albania,ALB,2009,NA,2.9,Balkans,0,2015,1.8720117353834214,81433,28080,1,6,NA,0,0,1,0,Third_Wave_2009,0,2015-2019,11.307548155199962,0.6323412767353627,10.242848470041249,20,400,1,0,0,0
Albania,ALB,2009,NA,2.9,Balkans,0,2016,2.020866363858804,87908,30313,1,7,NA,0,0,1,0,Third_Wave_2009,1,2015-2019,11.384057467510363,0.7084624822349301,10.319364930991602,21,441,1,0,0,0
Albania,ALB,2009,NA,2.9,Balkans,0,2017,1.9659082810208202,85517,29489,1,8,NA,0,0,1,0,Third_Wave_2009,0,2015-2019,11.356482159083086,0.6810281817609584,10.291806501809322,22,484,1,0,0,0
Albania,ALB,2009,NA,2.9,Balkans,0,2018,1.8541421692073345,80655,27812,1,9,NA,0,0,1,0,Third_Wave_2009,0,2015-2019,11.297948476322413,0.6228009843888898,10.233258816275091,23,529,1,0,0,0
Albania,ALB,2009,NA,2.9,Balkans,0,2019,2.2291640703193845,96969,33438,1,10,NA,0,0,1,0,Third_Wave_2009,1,2015-2019,11.482156931298592,0.8061026133237519,10.417478162445276,24,576,1,0,0,0
Albania,ALB,2009,NA,2.9,Balkans,0,2020,2.509791331551969,109176,37647,1,11,NA,0,0,1,0,Third_Wave_2009,1,2020-2024,11.600725697398241,0.9241760931551187,10.536035110967143,25,625,1,0,0,0
Albania,ALB,2009,NA,2.9,Balkans,0,2021,1.9219746615644546,83606,28830,1,12,NA,0,0,1,0,Third_Wave_2009,0,2020-2024,11.333882527624876,0.6585426205720523,10.269206476121777,26,676,1,0,0,0
Albania,ALB,2009,NA,2.9,Balkans,0,2022,2.7551701779058204,119850,41328,1,13,NA,0,0,1,1,Third_Wave_2009,1,2020-2024,11.69400458359076,1.0171021802433944,10.629319711713425,27,729,1,1,0,0
Albania,ALB,2009,NA,2.9,Balkans,0,2023,2.662723937788978,115828,39941,1,14,NA,0,0,1,1,Third_Wave_2009,1,2020-2024,11.659870244547157,0.9830981537794583,10.59518368082876,28,784,1,1,0,0
Albania,ALB,2009,NA,2.9,Balkans,0,2024,2.727706679943949,118655,40916,1,15,NA,0,0,1,1,Third_Wave_2009,1,2020-2024,11.683983829485472,1.0071205918155774,10.619300903594985,29,841,1,1,0,0
Bulgaria,BGR,2004,2007,7,Balkans,0,1995,1.5014265001984315,157650,22521,0,NA,9,0,0,0,0,Second_Wave_2004,0,1995-1999,11.968139008118328,0.41305390699479144,10.02224788825697,0,0,0,0,0,0
Bulgaria,BGR,2004,2007,7,Balkans,0,1996,1.79511741978582,188487,26927,0,NA,8,0,0,0,0,Second_Wave_2004,0,1995-1999,12.146789623366335,0.5906256421819409,10.200921916430588,1,1,0,0,0,0
Bulgaria,BGR,2004,2007,7,Balkans,0,1997,2.2167347795376555,232757,33251,0,NA,7,0,0,0,0,Second_Wave_2004,1,1995-1999,12.357754566192016,0.8005362880253114,10.411870194650978,2,4,0,0,0,0
Bulgaria,BGR,2004,2007,7,Balkans,0,1998,1.6260248831892388,170733,24390,0,NA,6,0,0,0,0,Second_Wave_2004,0,1995-1999,12.047862068796546,0.4922694478382612,10.101969490779476,3,9,0,0,0,0
Bulgaria,BGR,2004,2007,7,Balkans,0,1999,1.6310024794982747,171255,24465,0,NA,5,1,0,0,0,Second_Wave_2004,0,1995-1999,12.050914792007058,0.49530732307468234,10.105039677606861,4,16,0,0,0,0
Bulgaria,BGR,2004,2007,7,Balkans,0,2000,1.3817911660764368,145088,20727,0,NA,4,1,0,0,0,Second_Wave_2004,0,2000-2004,11.885102626212218,0.33059152628707056,9.939240722241946,5,25,0,0,0,0
Bulgaria,BGR,2004,2007,7,Balkans,0,2001,1.8330506672756748,192470,27496,0,NA,3,1,0,0,0,Second_Wave_2004,0,2000-2004,12.167700772010573,0.6114221700491739,10.221832186794726,6,36,0,0,0,0
Bulgaria,BGR,2004,2007,7,Balkans,0,2002,1.9071262235101314,200248,28607,0,NA,2,1,0,0,0,Second_Wave_2004,0,2000-2004,12.207316871160334,0.6508273061891021,10.26144167797324,7,49,0,0,0,0
Bulgaria,BGR,2004,2007,7,Balkans,0,2003,2.0478779932670297,215027,30718,0,NA,1,1,0,0,0,Second_Wave_2004,1,2000-2004,12.278523531188416,0.7216753515276767,10.332636634648445,8,64,0,0,0,0
Bulgaria,BGR,2004,2007,7,Balkans,0,2004,2.2475534166302533,235993,33713,1,0,NA,0,1,0,0,Second_Wave_2004,1,2000-2004,12.371561659955745,0.8142816678807842,10.425668460340253,9,81,0,0,0,0
Bulgaria,BGR,2004,2007,7,Balkans,0,2005,1.8406591140665116,193269,27610,1,1,NA,0,1,0,0,Second_Wave_2004,0,2005-2009,12.171843453979513,0.6155418535121324,10.225969523029635,10,100,0,0,0,0
Bulgaria,BGR,2004,2007,7,Balkans,0,2006,1.4849586109304802,155921,22274,1,2,NA,0,1,0,0,Second_Wave_2004,0,2005-2009,11.957111161189992,0.40209852146307884,10.01122025233901,11,121,0,0,0,0
Bulgaria,BGR,2004,2007,7,Balkans,0,2007,1.6539351990958675,173663,24809,1,3,NA,0,1,0,0,Second_Wave_2004,0,2005-2009,12.064877676863132,0.5091853987896832,10.119002076685847,12,144,0,0,0,0
Bulgaria,BGR,2004,2007,7,Balkans,0,2008,2.2173619630467147,232823,33260,1,4,NA,0,1,0,0,Second_Wave_2004,1,2005-2009,12.358038082309228,0.8008179089911105,10.412140818440461,13,169,0,0,0,0
Bulgaria,BGR,2004,2007,7,Balkans,0,2009,2.206853222739883,231720,33103,1,5,NA,0,0,0,0,Second_Wave_2004,1,2005-2009,12.353289340754502,0.7960887230928793,10.407409399985324,14,196,0,0,0,0
Bulgaria,BGR,2004,2007,7,Balkans,0,2010,2.208614198118448,231904,33129,1,6,NA,0,0,0,0,Second_Wave_2004,1,2010-2014,12.354083084028868,0.7968827658865695,10.408194495293941,15,225,0,0,0,0
Bulgaria,BGR,2004,2007,7,Balkans,0,2011,2.312213307167404,242782,34683,1,7,NA,0,0,0,0,Second_Wave_2004,1,2010-2014,12.399923319241747,0.8425207426083555,10.454033764497051,16,256,0,0,0,0
Bulgaria,BGR,2004,2007,7,Balkans,0,2012,2.057413471285254,216028,30861,1,8,NA,0,0,0,0,Second_Wave_2004,1,2010-2014,12.283167936913594,0.7262982951827031,10.33728093263115,17,289,0,0,0,0
Bulgaria,BGR,2004,2007,7,Balkans,0,2013,1.919340008702129,201531,28790,1,9,NA,0,0,0,0,Second_Wave_2004,0,2010-2014,12.213703456693073,0.6571779800305926,10.267818117285737,18,324,0,0,0,0
Bulgaria,BGR,2004,2007,7,Balkans,0,2014,1.9589810306066648,205693,29385,1,10,NA,0,0,1,0,Second_Wave_2004,0,2010-2014,12.234144906523364,0.6775161655865408,10.288273649435892,19,361,1,0,0,0
Bulgaria,BGR,2004,2007,7,Balkans,0,2015,2.441729754698463,256382,36626,1,11,NA,0,0,1,0,Second_Wave_2004,1,2015-2019,12.454427699178428,0.8967937977660241,10.508540952336965,20,400,1,0,0,0
Bulgaria,BGR,2004,2007,7,Balkans,0,2016,1.8865629736240954,198089,28298,1,12,NA,0,0,1,0,Second_Wave_2004,0,2015-2019,12.196476751856727,0.6400432867756557,10.250581747317963,21,441,1,0,0,0
Bulgaria,BGR,2004,2007,7,Balkans,0,2017,2.2350794650427996,234683,33526,1,13,NA,0,0,1,0,Second_Wave_2004,1,2015-2019,12.36599520738065,0.8087409170233678,10.420106363342882,22,484,1,0,0,0
Bulgaria,BGR,2004,2007,7,Balkans,0,2018,2.672316575953737,280593,40085,1,14,NA,0,0,1,0,Second_Wave_2004,1,2015-2019,12.544664063670636,0.9866808151619948,10.598782425153532,23,529,1,0,0,0
Bulgaria,BGR,2004,2007,7,Balkans,0,2019,2.6007643010793258,273080,39011,1,15,NA,0,0,1,0,Second_Wave_2004,1,2015-2019,12.517523733456082,0.9596430141291848,10.571624570091906,24,576,1,0,0,0
Bulgaria,BGR,2004,2007,7,Balkans,0,2020,2.4945680452277883,261930,37419,1,16,NA,0,0,1,0,Second_Wave_2004,1,2020-2024,12.475836389279594,0.9181162826330381,10.529960599828081,25,625,1,0,0,0
Bulgaria,BGR,2004,2007,7,Balkans,0,2021,1.9714257134729998,207000,29571,1,17,NA,0,0,1,0,Second_Wave_2004,0,2020-2024,12.240478903153711,0.6838166428991537,10.294583246676991,26,676,1,0,0,0
Bulgaria,BGR,2004,2007,7,Balkans,0,2022,2.9053447151603176,305061,43580,1,18,NA,0,0,1,1,Second_Wave_2004,1,2020-2024,12.62827031361976,1.0699880684404213,10.682376554540992,27,729,1,1,0,0
Bulgaria,BGR,2004,2007,7,Balkans,0,2023,3.2708675212878733,343441,49063,1,19,NA,0,0,1,1,Second_Wave_2004,1,2020-2024,12.746773526314982,1.1881078756227375,10.80088084730582,28,784,1,1,0,0
Bulgaria,BGR,2004,2007,7,Balkans,0,2024,2.94386763906572,309106,44158,1,20,NA,0,0,1,1,Second_Wave_2004,1,2020-2024,12.641442774256536,1.083115375747732,10.69555203576704,29,841,1,1,0,0
Croatia,HRV,2009,2013,4.1,Balkans,0,1995,1.5478641165420413,95194,23218,0,NA,14,0,0,0,0,Third_Wave_2009,0,1995-1999,11.463682698391777,0.4433157270480753,10.052726188002366,0,0,0,0,0,0
Croatia,HRV,2009,2013,4.1,Balkans,0,1996,1.3498201098665594,83014,20247,0,NA,13,0,0,0,0,Third_Wave_2009,0,1995-1999,11.326776593341886,0.3073524188422858,9.91581130222496,1,1,0,0,0,0
Croatia,HRV,2009,2013,4.1,Balkans,0,1997,1.568230455070734,96446,23523,0,NA,12,0,0,0,0,Third_Wave_2009,0,1995-1999,11.476748913651063,0.45630425426414795,10.065776455579847,2,4,0,0,0,0
Croatia,HRV,2009,2013,4.1,Balkans,0,1998,1.8399665502086282,113158,27600,0,NA,11,0,0,0,0,Third_Wave_2009,0,1995-1999,11.636549188331564,0.6151675579584617,10.225607282932941,3,9,0,0,0,0
Croatia,HRV,2009,2013,4.1,Balkans,0,1999,1.9752234488353133,121476,29628,0,NA,10,0,0,0,0,Third_Wave_2009,0,1995-1999,11.707480223431633,0.6857314764865525,10.29650889041995,4,16,0,0,0,0
Croatia,HRV,2009,2013,4.1,Balkans,0,2000,1.9753580663353205,121485,29630,0,NA,9,0,0,0,0,Third_Wave_2009,0,2000-2004,11.707554308786227,0.6857992839346779,10.296576389576238,5,25,0,0,0,0
Croatia,HRV,2009,2013,4.1,Balkans,0,2001,1.912410263195634,117613,28686,0,NA,8,0,0,0,0,Third_Wave_2009,0,2000-2004,11.675163354980105,0.6535797441668375,10.26419933745711,6,36,0,0,0,0
Croatia,HRV,2009,2013,4.1,Balkans,0,2002,1.4298023541271687,87933,21447,0,NA,7,0,0,0,0,Third_Wave_2009,0,2000-2004,11.38434181206964,0.3645058500893512,9.973386679915794,7,49,0,0,0,0
Croatia,HRV,2009,2013,4.1,Balkans,0,2003,1.3197004682570697,81162,19796,0,NA,6,0,0,0,0,Third_Wave_2009,0,2000-2004,11.304214757278285,0.2849537050328787,9.893285690051531,8,64,0,0,0,0
Croatia,HRV,2009,2013,4.1,Balkans,0,2004,1.6731588204950094,102899,25097,0,NA,5,1,0,0,0,Third_Wave_2009,0,2000-2004,11.541512921822141,0.5206722782518862,10.130543440670253,9,81,0,0,0,0
Croatia,HRV,2009,2013,4.1,Balkans,0,2005,1.772314695082605,108997,26585,0,NA,4,1,0,0,0,Third_Wave_2009,0,2005-2009,11.59908481241909,0.5779129100243977,10.188140040427545,10,100,0,0,0,0
Croatia,HRV,2009,2013,4.1,Balkans,0,2006,1.387296188659966,85319,20810,0,NA,3,1,0,0,0,Third_Wave_2009,0,2005-2009,11.354164172585287,0.334539075454346,9.94323697205341,11,121,0,0,0,0
Croatia,HRV,2009,2013,4.1,Balkans,0,2007,2.080712187923491,127964,31211,0,NA,2,1,0,0,0,Third_Wave_2009,1,2005-2009,11.759512068010904,0.7375047677032998,10.348557915236652,12,144,0,0,0,0
Croatia,HRV,2009,2013,4.1,Balkans,0,2008,1.4601945108920336,89802,21903,0,NA,1,1,0,0,0,Third_Wave_2009,0,2005-2009,11.405373661304653,0.38539471237179834,9.99442454752823,13,169,0,0,0,0
Croatia,HRV,2009,2013,4.1,Balkans,0,2009,2.0772050100937487,127748,31158,1,0,NA,0,1,0,0,Third_Wave_2009,1,2005-2009,11.757822680246663,0.7358258552273763,10.346858407043523,14,196,0,0,0,0
Croatia,HRV,2009,2013,4.1,Balkans,0,2010,1.4522200582548974,89312,21783,1,1,NA,0,1,0,0,Third_Wave_2009,0,2010-2014,11.399902332977057,0.37995586864299324,9.988931034353595,15,225,0,0,0,0
Croatia,HRV,2009,2013,4.1,Balkans,0,2011,1.8901916724070904,116247,28353,1,2,NA,0,1,0,0,Third_Wave_2009,0,2010-2014,11.663481119000531,0.6419547612985863,10.252523392677578,16,256,0,0,0,0
Croatia,HRV,2009,2013,4.1,Balkans,0,2012,1.9972335419431329,122830,29959,1,3,NA,0,1,0,0,Third_Wave_2009,0,2010-2014,11.71856470583355,0.6967574267430924,10.307618437631156,17,289,0,0,0,0
Croatia,HRV,2009,2013,4.1,Balkans,0,2013,1.9916905294358729,122489,29875,1,4,NA,0,1,0,0,Third_Wave_2009,0,2010-2014,11.715784672981732,0.6939920882428386,10.304810761476958,18,324,0,0,0,0
Croatia,HRV,2009,2013,4.1,Balkans,0,2014,2.2280562484264372,137025,33421,1,5,NA,0,0,1,0,Third_Wave_2009,1,2010-2014,11.827925967826019,0.8056077429190424,10.416969644763327,19,361,1,0,0,0
Croatia,HRV,2009,2013,4.1,Balkans,0,2015,1.7925327219069003,110241,26888,1,6,NA,0,0,1,0,Third_Wave_2009,0,2015-2019,11.61043322831804,0.5891927436359925,10.199472560025471,20,400,1,0,0,0
Croatia,HRV,2009,2013,4.1,Balkans,0,2016,2.3910411900281905,147049,35866,1,7,NA,0,0,1,0,Third_Wave_2009,1,2015-2019,11.898527943982142,0.8759024724556423,10.487572931678823,21,441,1,0,0,0
Croatia,HRV,2009,2013,4.1,Balkans,0,2017,2.2143692758679387,136184,33216,1,8,NA,0,0,1,0,Third_Wave_2009,1,2015-2019,11.821769534473967,0.7994734039125301,10.41081707204541,22,484,1,0,0,0
Croatia,HRV,2009,2013,4.1,Balkans,0,2018,2.3991292447969315,147546,35987,1,9,NA,0,0,1,0,Third_Wave_2009,1,2015-2019,11.90190204807357,0.8792653730017718,10.49094082853701,23,529,1,0,0,0
Croatia,HRV,2009,2013,4.1,Balkans,0,2019,1.8759425798058509,115370,28139,1,10,NA,0,0,1,0,Third_Wave_2009,0,2015-2019,11.655908301648354,0.6344277382577875,10.24494733066838,24,576,1,0,0,0
Croatia,HRV,2009,2013,4.1,Balkans,0,2020,1.7582249760627746,108131,26373,1,11,NA,0,0,1,0,Third_Wave_2009,0,2020-2024,11.591107982023038,0.5699762050242809,10.180133955367644,25,625,1,0,0,0
Croatia,HRV,2009,2013,4.1,Balkans,0,2021,2.0187757850065826,124155,30282,1,12,NA,0,0,1,0,Third_Wave_2009,1,2020-2024,11.729294118403239,0.7074325495658125,10.318341777940978,26,676,1,0,0,0
Croatia,HRV,2009,2013,4.1,Balkans,0,2022,2.4857461795955897,152873,37286,1,13,NA,0,0,1,1,Third_Wave_2009,1,2020-2024,11.937369331676175,0.9145877544691629,10.526400019413622,27,729,1,1,0,0
Croatia,HRV,2009,2013,4.1,Balkans,0,2023,2.9402090848609803,180823,44103,1,14,NA,0,0,1,1,Third_Wave_2009,1,2020-2024,12.105279461493424,1.0818760440641886,10.69430576026952,28,784,1,1,0,0
Croatia,HRV,2009,2013,4.1,Balkans,0,2024,3.0369293896108864,186771,45554,1,15,NA,0,0,1,1,Third_Wave_2009,1,2020-2024,12.137643900608191,1.1141343259939627,10.726675666147958,29,841,1,1,0,0
Czechia,CZE,1999,2004,10.7,Central,0,1995,1.8055539220804349,289791,27083,0,NA,4,1,0,0,0,First_Wave_1999,0,1995-1999,12.57691870324269,0.5963906123843339,10.206698426605536,0,0,0,0,0,0
Czechia,CZE,1999,2004,10.7,Central,0,1996,1.6806817721715197,269749,25210,0,NA,3,1,0,0,0,First_Wave_1999,0,1995-1999,12.50525088312038,0.5251318630709391,10.135035686194149,1,1,0,0,0,0
Czechia,CZE,1999,2004,10.7,Central,0,1997,1.2668093469738961,203323,19002,0,NA,2,1,0,0,0,First_Wave_1999,0,1995-1999,12.222556044788528,0.24436426831153027,9.852352140421358,2,4,0,0,0,0
Czechia,CZE,1999,2004,10.7,Central,0,1998,2.0377881147153674,327065,30567,0,NA,1,1,0,0,0,First_Wave_1999,1,1995-1999,12.69791726437586,0.7167602422133095,10.327708989126736,3,9,0,0,0,0
Czechia,CZE,1999,2004,10.7,Central,0,1999,1.92303712727502,308647,28846,1,0,NA,0,1,0,0,First_Wave_1999,0,1995-1999,12.639956747969523,0.6590924071162463,10.26976128039413,4,16,0,0,0,0
Czechia,CZE,1999,2004,10.7,Central,0,2000,1.3936494738329201,223681,20905,1,1,NA,0,1,0,0,First_Wave_1999,0,2000-2004,12.317980679332386,0.339075611920581,9.947791478092652,5,25,0,0,0,0
Czechia,CZE,1999,2004,10.7,Central,0,2001,1.3099763159081341,210251,19650,1,2,NA,0,1,0,0,First_Wave_1999,0,2000-2004,12.256062090275087,0.27761379394347324,9.885883506587767,6,36,0,0,0,0
Czechia,CZE,1999,2004,10.7,Central,0,2002,1.793354724352248,287833,26900,1,3,NA,0,1,0,0,First_Wave_1999,0,2000-2004,12.57013920405326,0.5896486660527831,10.199918739620157,7,49,0,0,0,0
Czechia,CZE,1999,2004,10.7,Central,0,2003,1.8893042719410733,303233,28340,1,4,NA,0,1,0,0,First_Wave_1999,0,2000-2004,12.622260063666614,0.6414876464522221,10.252064798437244,8,64,0,0,0,0
Czechia,CZE,1999,2004,10.7,Central,0,2004,1.6016036800434814,257057,24024,1,5,NA,0,0,0,0,First_Wave_1999,0,2000-2004,12.457057019349097,0.47722975780445187,10.086850233838494,9,81,0,0,0,0
Czechia,CZE,1999,2004,10.7,Central,0,2005,2.0499658622313293,329020,30750,1,6,NA,0,0,0,0,First_Wave_1999,1,2005-2009,12.70387685749771,0.7226894109318125,10.333677793031093,10,100,0,0,0,0
Czechia,CZE,1999,2004,10.7,Central,0,2006,1.8525006416160614,297326,27787,1,7,NA,0,0,0,0,First_Wave_1999,0,2005-2009,12.602587822218748,0.6219200157633633,10.232359551812772,11,121,0,0,0,0
Czechia,CZE,1999,2004,10.7,Central,0,2007,1.297614677743986,208267,19464,1,8,NA,0,0,0,0,First_Wave_1999,0,2005-2009,12.246580990867667,0.26820462075443446,9.876373260044556,12,144,0,0,0,0
Czechia,CZE,1999,2004,10.7,Central,0,2008,1.1432993374019862,183500,17150,1,9,NA,0,0,0,0,First_Wave_1999,0,2005-2009,12.119975396053194,0.14262682372603783,9.749811759932081,13,169,0,0,0,0
Czechia,CZE,1999,2004,10.7,Central,0,2009,2.0926748301927,335874,31390,1,10,NA,0,0,0,0,First_Wave_1999,1,2005-2009,12.724494345917792,0.7432102628883827,10.354276506607956,14,196,0,0,0,0
Czechia,CZE,1999,2004,10.7,Central,0,2010,1.2607840666081755,202356,18912,1,11,NA,0,0,0,0,First_Wave_1999,0,2010-2014,12.217788743231738,0.23963408525481017,9.847604795288454,15,225,0,0,0,0
Czechia,CZE,1999,2004,10.7,Central,0,2011,1.503455468979664,241305,22552,1,12,NA,0,0,0,0,First_Wave_1999,0,2010-2014,12.393821116616875,0.41439542650279004,10.02362337377611,16,256,0,0,0,0
Czechia,CZE,1999,2004,10.7,Central,0,2012,1.647944558323361,264495,24719,1,13,NA,0,0,0,0,First_Wave_1999,0,2010-2014,12.485581407292793,0.5055786172658091,10.115367911571628,17,289,0,0,0,0
Czechia,CZE,1999,2004,10.7,Central,0,2013,1.8573316706065088,298102,27860,1,14,NA,0,0,0,0,First_Wave_1999,0,2010-2014,12.605194343352524,0.6245104977409077,10.234983140444118,18,324,0,0,0,0
Czechia,CZE,1999,2004,10.7,Central,0,2014,1.8631464624870568,299035,27947,1,15,NA,0,0,1,0,First_Wave_1999,0,2010-2014,12.608319246462957,0.6276196171410284,10.238100919672341,19,361,1,0,0,0
Czechia,CZE,1999,2004,10.7,Central,0,2015,2.1379759130999445,343145,32070,1,16,NA,0,0,1,0,First_Wave_1999,1,2015-2019,12.745911291558947,0.764525962943123,10.375707473990893,20,400,1,0,0,0
Czechia,CZE,1999,2004,10.7,Central,0,2016,2.422642282992601,388834,36340,1,17,NA,0,0,1,0,First_Wave_1999,1,2015-2019,12.870910368092943,0.8889780258617926,10.500701859458179,21,441,1,0,0,0
Czechia,CZE,1999,2004,10.7,Central,0,2017,1.8880799601599574,303037,28321,1,18,NA,0,0,1,0,First_Wave_1999,0,2015-2019,12.621613489169265,0.6408428279410018,10.251394166783005,22,484,1,0,0,0
Czechia,CZE,1999,2004,10.7,Central,0,2018,1.9502208957867697,313010,29253,1,19,NA,0,0,1,0,First_Wave_1999,0,2015-2019,12.65399361267473,0.6730571688240656,10.283771595447034,23,529,1,0,0,0
Czechia,CZE,1999,2004,10.7,Central,0,2019,2.206258928156458,354105,33094,1,20,NA,0,0,1,0,First_Wave_1999,1,2015-2019,12.777351582322439,0.7958206068951579,10.407137492553023,24,576,1,0,0,0
Czechia,CZE,1999,2004,10.7,Central,0,2020,2.0953094813041386,336297,31430,1,21,NA,0,0,1,0,First_Wave_1999,1,2020-2024,12.72575295063961,0.7444624783248855,10.355549946021075,25,625,1,0,0,0
Czechia,CZE,1999,2004,10.7,Central,0,2021,1.680194672071375,269671,25203,1,22,NA,0,0,1,0,First_Wave_1999,0,2020-2024,12.504961684680037,0.5248437128758354,10.134757991061946,26,676,1,0,0,0
Czechia,CZE,1999,2004,10.7,Central,0,2022,3.000521129933186,481584,45008,1,23,NA,0,0,1,1,First_Wave_1999,1,2020-2024,13.084838026312294,1.102113196643187,10.714617748755122,27,729,1,1,0,0
Czechia,CZE,1999,2004,10.7,Central,0,2023,2.5704421886196362,412556,38557,1,24,NA,0,0,1,1,First_Wave_1999,1,2020-2024,12.930129657028827,0.9479607751856207,10.559918880159413,28,784,1,1,0,0
Czechia,CZE,1999,2004,10.7,Central,0,2024,2.9154134953254833,467924,43731,1,25,NA,0,0,1,1,First_Wave_1999,1,2020-2024,13.056063305647097,1.0734358366158414,10.685835378554376,29,841,1,1,0,0
Estonia,EST,2004,2004,1.3,Baltic,1,1995,2.1428806829731912,41786,32143,0,NA,9,0,0,0,0,Second_Wave_2004,1,1995-1999,10.64034056535614,0.7668067978837847,10.377981087054716,0,0,0,0,0,0
Estonia,EST,2004,2004,1.3,Baltic,1,1996,1.8396432269737124,35873,27595,0,NA,8,0,0,0,0,Second_Wave_2004,0,1995-1999,10.48776807810896,0.6149927702077465,10.225426113666,1,1,0,0,0,0
Estonia,EST,2004,2004,1.3,Baltic,1,1997,1.652955262856558,32233,24795,0,NA,7,0,0,0,0,Second_Wave_2004,0,1995-1999,10.380777075082664,0.5085962983796419,10.11843762882181,2,4,0,0,0,0
Estonia,EST,2004,2004,1.3,Baltic,1,1998,1.3347452333383263,26028,20022,0,NA,6,0,0,0,0,Second_Wave_2004,0,1995-1999,10.166966580039741,0.29620457751970214,9.90463689179265,3,9,0,0,0,0
Estonia,EST,2004,2004,1.3,Baltic,1,1999,1.6659155358187854,32485,24988,0,NA,5,1,0,0,0,Second_Wave_2004,0,1995-1999,10.38856450627934,0.5163596045004482,10.126191007021934,4,16,0,0,0,0
Estonia,EST,2004,2004,1.3,Baltic,1,2000,2.8521402437239884,55617,42782,0,NA,4,1,0,0,0,Second_Wave_2004,1,2000-2004,10.926262168853055,1.0515696819336964,10.663896106404877,5,25,0,0,0,0
Estonia,EST,2004,2004,1.3,Baltic,1,2001,2.7212893489189445,53065,40819,0,NA,3,1,0,0,0,Second_Wave_2004,1,2000-2004,10.879291700831327,1.004773786684829,10.616927436363836,6,36,0,0,0,0
Estonia,EST,2004,2004,1.3,Baltic,1,2002,2.6155293799284842,51003,39233,0,NA,2,1,0,0,0,Second_Wave_2004,1,2000-2004,10.839659340003433,0.9652825442554042,10.577298996789331,7,49,0,0,0,0
Estonia,EST,2004,2004,1.3,Baltic,1,2003,1.5588411064073444,30397,23382,0,NA,1,1,0,0,0,Second_Wave_2004,0,2000-2004,10.322132095756407,0.4503371980091335,10.059764541593394,8,64,0,0,0,0
Estonia,EST,2004,2004,1.3,Baltic,1,2004,1.514535759491846,29533,22718,1,0,NA,0,1,0,0,Second_Wave_2004,0,2000-2004,10.293297421033719,0.42168994370885243,10.030956857781932,9,81,0,0,0,0
Estonia,EST,2004,2004,1.3,Baltic,1,2005,3.054506455268711,59563,45818,1,1,NA,0,1,0,0,Second_Wave_2004,1,2005-2009,10.994806643710096,1.1198865304086232,10.732454131238555,10,100,0,0,0,0
Estonia,EST,2004,2004,1.3,Baltic,1,2006,2.095033992957324,40853,31425,1,2,NA,0,1,0,0,Second_Wave_2004,1,2005-2009,10.617760014711022,0.7443316156772692,10.355390854750077,11,121,0,0,0,0
Estonia,EST,2004,2004,1.3,Baltic,1,2007,2.1552299282792955,42027,32328,1,3,NA,0,1,0,0,Second_Wave_2004,1,2005-2009,10.646091341808665,0.772526558253847,10.383719939217288,12,144,0,0,0,0
Estonia,EST,2004,2004,1.3,Baltic,1,2008,1.6275365462247282,31737,24413,1,4,NA,0,1,0,0,Second_Wave_2004,0,2005-2009,10.365269980122788,0.4931930065833978,10.102912017229745,13,169,0,0,0,0
Estonia,EST,2004,2004,1.3,Baltic,1,2009,2.392885803207755,46661,35893,1,5,NA,0,0,0,0,Second_Wave_2004,1,2005-2009,10.750685407922997,0.8766704330315708,10.488325429589223,14,196,0,0,0,0
Estonia,EST,2004,2004,1.3,Baltic,1,2010,1.8374004350043833,35829,27561,1,6,NA,0,0,0,0,Second_Wave_2004,0,2010-2014,10.486540810299,0.613779480644778,10.22419329143509,15,225,0,0,0,0
Estonia,EST,2004,2004,1.3,Baltic,1,2011,1.7741744567081332,34596,26612,1,7,NA,0,0,0,0,Second_Wave_2004,0,2010-2014,10.45152225208439,0.5789558190113269,10.189155097188696,16,256,0,0,0,0
Estonia,EST,2004,2004,1.3,Baltic,1,2012,2.6141740966867655,50976,39212,1,8,NA,0,0,0,0,Second_Wave_2004,1,2010-2014,10.839129829592064,0.9647662167036234,10.576763603453662,17,289,0,0,0,0
Estonia,EST,2004,2004,1.3,Baltic,1,2013,1.889134319331497,36838,28337,1,9,NA,0,0,0,0,Second_Wave_2004,0,2010-2014,10.514312345592575,0.6413981609409489,10.251958939124172,18,324,0,0,0,0
Estonia,EST,2004,2004,1.3,Baltic,1,2014,3.5487165191303935,69200,53231,1,10,NA,0,0,1,0,Second_Wave_2004,1,2010-2014,11.1447705923684,1.2693999515238152,10.882414998258257,19,361,1,0,1,0
Estonia,EST,2004,2004,1.3,Baltic,1,2015,2.269049892760813,44246,34035,1,11,NA,0,0,1,0,Second_Wave_2004,1,2015-2019,10.697542851527611,0.8237586424156688,10.435174066969449,20,400,1,0,1,0
Estonia,EST,2004,2004,1.3,Baltic,1,2016,3.589654128104448,69998,53845,1,12,NA,0,0,1,0,Second_Wave_2004,1,2015-2019,11.156236235215168,1.280837765319973,10.893883399417065,21,441,1,0,1,0
Estonia,EST,2004,2004,1.3,Baltic,1,2017,2.889370905263349,56343,43341,1,13,NA,0,0,1,0,Second_Wave_2004,1,2015-2019,10.939231036425246,1.064493784240347,10.676877420772277,22,484,1,0,1,0
Estonia,EST,2004,2004,1.3,Baltic,1,2018,3.4905970675125717,68067,52359,1,14,NA,0,0,1,0,Second_Wave_2004,1,2015-2019,11.128262484491326,1.2529335446643037,10.865898220023837,23,529,1,0,1,0
Estonia,EST,2004,2004,1.3,Baltic,1,2019,3.332293911799788,64980,49985,1,15,NA,0,0,1,0,Second_Wave_2004,1,2015-2019,11.081850198455246,1.2066573711895174,10.819498245202965,24,576,1,0,1,0
Estonia,EST,2004,2004,1.3,Baltic,1,2020,2.9501493144780393,57528,44252,1,16,NA,0,0,1,0,Second_Wave_2004,1,2020-2024,10.96004444747091,1.0852397111441279,10.697678444748158,25,625,1,0,1,0
Estonia,EST,2004,2004,1.3,Baltic,1,2021,3.288863131999969,64133,49333,1,17,NA,0,0,1,0,Second_Wave_2004,1,2020-2024,11.068729923502001,1.193577903662243,10.80636877750035,26,676,1,0,1,0
Estonia,EST,2004,2004,1.3,Baltic,1,2022,2.670837628310546,52081,40062,1,18,NA,0,0,1,1,Second_Wave_2004,1,2020-2024,10.860574678602852,0.9861292935669217,10.598208494084364,27,729,1,1,1,1
Estonia,EST,2004,2004,1.3,Baltic,1,2023,3.0710383252426983,59885,46065,1,19,NA,0,0,1,1,Second_Wave_2004,1,2020-2024,11.000198033914641,1.1252666587590723,10.73783042976285,28,784,1,1,1,1
Estonia,EST,2004,2004,1.3,Baltic,1,2024,3.958770042201504,77196,59382,1,20,NA,0,0,1,1,Second_Wave_2004,1,2020-2024,11.254115875154167,1.378456233649642,10.991763269102854,29,841,1,1,1,1
Hungary,HUN,1999,2004,9.8,Central,0,1995,1.0329330719076097,151841,15494,0,NA,4,1,0,0,0,First_Wave_1999,0,1995-1999,11.930595785516754,0.04203700512713886,9.648272670221848,0,0,0,0,0,0
Hungary,HUN,1999,2004,9.8,Central,0,1996,1.4689852039702238,215941,22035,0,NA,3,1,0,0,0,First_Wave_1999,0,1995-1999,12.282765132090232,0.39135617960169383,10.000432758592607,1,1,0,0,0,0
Hungary,HUN,1999,2004,9.8,Central,0,1997,1.7292179128900171,254195,25938,0,NA,2,1,0,0,0,First_Wave_1999,0,1995-1999,12.445860901972457,0.5534355368315483,10.163502906626189,2,4,0,0,0,0
Hungary,HUN,1999,2004,9.8,Central,0,1998,1.4885429529659453,218816,22328,0,NA,1,1,0,0,0,First_Wave_1999,0,1995-1999,12.295991043038253,0.4044932713383818,10.01364156102802,3,9,0,0,0,0
Hungary,HUN,1999,2004,9.8,Central,0,1999,1.9900246500596408,292534,29850,1,0,NA,0,1,0,0,First_Wave_1999,0,1995-1999,12.586339596615245,0.693159505513813,10.303973619097128,4,16,0,0,0,0
Hungary,HUN,1999,2004,9.8,Central,0,2000,1.4313026434741916,210401,21469,1,1,NA,0,1,0,0,First_Wave_1999,0,2000-2004,12.256775265503935,0.36554731819542857,9.974411890872826,5,25,0,0,0,0
Hungary,HUN,1999,2004,9.8,Central,0,2001,1.6400221748650075,241083,24600,1,2,NA,0,1,0,0,First_Wave_1999,0,2000-2004,12.39290069946199,0.5007887271343082,10.110542371500753,6,36,0,0,0,0
Hungary,HUN,1999,2004,9.8,Central,0,2002,1.754446895401925,257904,26317,1,3,NA,0,1,0,0,First_Wave_1999,0,2000-2004,12.460346579040946,0.5678372675635011,10.178008394710085,7,49,0,0,0,0
Hungary,HUN,1999,2004,9.8,Central,0,2003,1.3227916754037143,194450,19842,1,4,NA,0,1,0,0,First_Wave_1999,0,2000-2004,12.177935482280878,0.2872757464653427,9.895606579085252,8,64,0,0,0,0
Hungary,HUN,1999,2004,9.8,Central,0,2004,2.0603338209539652,302869,30905,1,5,NA,0,0,0,0,First_Wave_1999,1,2000-2004,12.621058949521975,0.7277098604366239,10.33870561879364,9,81,0,0,0,0
Hungary,HUN,1999,2004,9.8,Central,0,2005,1.1664560133591295,171469,17497,1,6,NA,0,0,0,0,First_Wave_1999,0,2005-2009,12.052163603172897,0.16250654077629512,9.76984186766621,10,100,0,0,0,0
Hungary,HUN,1999,2004,9.8,Central,0,2006,1.6786329694464805,246759,25179,1,7,NA,0,0,0,0,First_Wave_1999,0,2005-2009,12.416171483323575,0.5239193077851974,10.133805307598339,11,121,0,0,0,0
Hungary,HUN,1999,2004,9.8,Central,0,2007,1.3235141115076843,194557,19853,1,8,NA,0,0,0,0,First_Wave_1999,0,2005-2009,12.17848559810184,0.2878176468919144,9.896160777149667,12,144,0,0,0,0
Hungary,HUN,1999,2004,9.8,Central,0,2008,1.1183274048566818,164394,16775,1,9,NA,0,0,0,0,First_Wave_1999,0,2005-2009,12.01002734751641,0.12073636349326933,9.727704572581755,13,169,0,0,0,0
Hungary,HUN,1999,2004,9.8,Central,0,2009,1.9551783503592017,287411,29328,1,10,NA,0,0,0,0,First_Wave_1999,0,2005-2009,12.568672005408846,0.675583004744042,10.286332066606759,14,196,0,0,0,0
Hungary,HUN,1999,2004,9.8,Central,0,2010,1.7776425311341884,261313,26665,1,11,NA,0,0,0,0,First_Wave_1999,0,2010-2014,12.473478028335974,0.5808977301045924,10.191144624675404,15,225,0,0,0,0
Hungary,HUN,1999,2004,9.8,Central,0,2011,1.4595926382951439,214560,21894,1,12,NA,0,0,0,0,First_Wave_1999,0,2010-2014,12.276349359205614,0.38498524558066316,9.9940135792355,16,256,0,0,0,0
Hungary,HUN,1999,2004,9.8,Central,0,2012,2.1615963425301015,317755,32424,1,13,NA,0,0,0,0,First_Wave_1999,1,2010-2014,12.669039071642896,0.7754625388195685,10.386685009184644,17,289,0,0,0,0
Hungary,HUN,1999,2004,9.8,Central,0,2013,1.7880326361581684,262841,26821,1,14,NA,0,0,0,0,First_Wave_1999,0,2010-2014,12.479308370174758,0.5866930872518626,10.196977725270886,18,324,0,0,0,0
Hungary,HUN,1999,2004,9.8,Central,0,2014,2.525710875317454,371279,37886,1,15,NA,0,0,1,0,First_Wave_1999,1,2010-2014,12.824711773915057,0.9304740219199776,10.54236332431428,19,361,1,0,0,0
Hungary,HUN,1999,2004,9.8,Central,0,2015,2.4827966464683415,364971,37242,1,16,NA,0,0,1,0,First_Wave_1999,1,2015-2019,12.80757591729332,0.9134052314062969,10.525219286685545,20,400,1,0,0,0
Hungary,HUN,1999,2004,9.8,Central,0,2016,1.8743616464920343,275531,28115,1,17,NA,0,0,1,0,First_Wave_1999,0,2015-2019,12.526459053280023,0.6335891144695829,10.244094088295796,21,441,1,0,0,0
Hungary,HUN,1999,2004,9.8,Central,0,2017,2.2821771939098836,335480,34233,1,18,NA,0,0,1,0,First_Wave_1999,1,2015-2019,12.72332060189753,0.8295021055980557,10.44097458125561,22,484,1,0,0,0
Hungary,HUN,1999,2004,9.8,Central,0,2018,2.422816465813667,356154,36342,1,19,NA,0,0,1,0,First_Wave_1999,1,2015-2019,12.783121308336453,0.8890496256143064,10.500756892202675,23,529,1,0,0,0
Hungary,HUN,1999,2004,9.8,Central,0,2019,2.536586453542113,372878,38049,1,20,NA,0,0,1,0,First_Wave_1999,1,2015-2019,12.829009249215092,0.9347538167140516,10.546656363289832,24,576,1,0,0,0
Hungary,HUN,1999,2004,9.8,Central,0,2020,1.6067425585351884,236191,24101,1,21,NA,0,0,1,0,First_Wave_1999,0,2020-2024,12.372400312569779,0.480413358603302,10.090050103587338,25,625,1,0,0,0
Hungary,HUN,1999,2004,9.8,Central,0,2021,1.5133004920929671,222455,22699,1,22,NA,0,0,1,0,First_Wave_1999,0,2020-2024,12.312484608223778,0.4208793572044937,10.030120203469494,26,676,1,0,0,0
Hungary,HUN,1999,2004,9.8,Central,0,2022,3.1558806413598357,463914,47338,1,23,NA,0,0,1,1,First_Wave_1999,1,2020-2024,13.047456624771945,1.1524312606091238,10.765089759059482,27,729,1,1,0,0
Hungary,HUN,1999,2004,9.8,Central,0,2023,2.447375224549323,359764,36711,1,24,NA,0,0,1,1,First_Wave_1999,1,2020-2024,12.793206319502335,0.8990937984233487,10.510858956074669,28,784,1,1,0,0
Hungary,HUN,1999,2004,9.8,Central,0,2024,2.843264095727354,417960,42649,1,25,NA,0,0,1,1,First_Wave_1999,1,2020-2024,12.943143405718637,1.0484636356750143,10.660782552919825,29,841,1,1,0,0
Latvia,LVA,2004,2004,1.9,Baltic,1,1995,2.73235837793909,77872,40985,0,NA,9,0,0,0,0,Second_Wave_2004,1,1995-1999,11.262834573576976,1.0088182720669014,10.620985823959904,0,0,0,0,0,0
Latvia,LVA,2004,2004,1.9,Baltic,1,1996,2.335401252415031,66559,35031,0,NA,8,0,0,0,0,Second_Wave_2004,1,1995-1999,11.10585907549509,0.8524564970325036,10.464017208481234,1,1,0,0,0,0
Latvia,LVA,2004,2004,1.9,Baltic,1,1997,2.12290224342607,60503,31844,0,NA,7,0,0,0,0,Second_Wave_2004,1,1995-1999,11.010464757535866,0.7574836078839075,10.368635662805467,2,4,0,0,0,0
Latvia,LVA,2004,2004,1.9,Baltic,1,1998,1.2458719854895026,35507,18688,0,NA,6,0,0,0,0,Second_Wave_2004,0,1995-1999,10.47751330218821,0.22783014047059885,9.835690394470303,3,9,0,0,0,0
Latvia,LVA,2004,2004,1.9,Baltic,1,1999,2.030466283680871,57868,30457,0,NA,5,1,0,0,0,Second_Wave_2004,1,1995-1999,10.96593711430799,0.7131783521696831,10.324103964411636,4,16,0,0,0,0
Latvia,LVA,2004,2004,1.9,Baltic,1,2000,1.5229613000527025,43404,22844,0,NA,4,1,0,0,0,Second_Wave_2004,0,2000-2004,10.678329920825908,0.42720135498701056,10.036487553997372,5,25,0,0,0,0
Latvia,LVA,2004,2004,1.9,Baltic,1,2001,2.6770494961552322,76296,40156,0,NA,3,1,0,0,0,Second_Wave_2004,1,2000-2004,11.242388898019872,0.9884437500648254,10.600552050380118,6,36,0,0,0,0
Latvia,LVA,2004,2004,1.9,Baltic,1,2002,1.086523902444169,30966,16298,0,NA,2,1,0,0,0,Second_Wave_2004,0,2000-2004,10.340677400338533,0.09214508749290562,9.698859035219632,7,49,0,0,0,0
Latvia,LVA,2004,2004,1.9,Baltic,1,2003,1.5052228846773505,42899,22578,0,NA,1,1,0,0,0,Second_Wave_2004,0,2000-2004,10.666627104916108,0.41556254673936394,10.024775549743328,8,64,0,0,0,0
Latvia,LVA,2004,2004,1.9,Baltic,1,2004,1.3240802716091276,37736,19861,1,0,NA,0,1,0,0,Second_Wave_2004,0,2000-2004,10.538396324506982,0.288242119303108,9.896563637463304,9,81,0,0,0,0
Latvia,LVA,2004,2004,1.9,Baltic,1,2005,1.687219664081931,48086,25308,1,1,NA,0,1,0,0,Second_Wave_2004,0,2005-2009,10.780767149293991,0.5289914204690683,10.138915342683557,10,100,0,0,0,0
Latvia,LVA,2004,2004,1.9,Baltic,1,2006,2.417517998898402,68899,36263,1,2,NA,0,1,0,0,Second_Wave_2004,1,2005-2009,11.14041145700175,0.8868693357381009,10.498580792620686,11,121,0,0,0,0
Latvia,LVA,2004,2004,1.9,Baltic,1,2007,2.905141423717141,82797,43577,1,3,NA,0,1,0,0,Second_Wave_2004,1,2005-2009,11.324159185492253,1.0699183344805365,10.682307714834224,12,144,0,0,0,0
Latvia,LVA,2004,2004,1.9,Baltic,1,2008,2.4172403499670327,68891,36258,1,4,NA,0,1,0,0,Second_Wave_2004,1,2005-2009,11.140295339955637,0.8867549535539756,10.498442905329538,13,169,0,0,0,0
Latvia,LVA,2004,2004,1.9,Baltic,1,2009,2.047991659780964,58368,30720,1,5,NA,0,0,0,0,Second_Wave_2004,1,2005-2009,10.974540205962679,0.7217305848190805,10.332701738815134,14,196,0,0,0,0
Latvia,LVA,2004,2004,1.9,Baltic,1,2010,1.934885809291154,55144,29023,1,6,NA,0,0,0,0,Second_Wave_2004,0,2010-2014,10.917721358740247,0.665203265470904,10.275878352914862,15,225,0,0,0,0
Latvia,LVA,2004,2004,1.9,Baltic,1,2011,2.8678854511026293,81735,43018,1,7,NA,0,0,0,0,Second_Wave_2004,1,2010-2014,11.311249820271259,1.0570558061104005,10.669397157549227,16,256,0,0,0,0
Latvia,LVA,2004,2004,1.9,Baltic,1,2012,1.3863266777526586,39510,20795,1,8,NA,0,0,0,0,Second_Wave_2004,0,2010-2014,10.584334393133231,0.33384498681562086,9.942515939503606,17,289,0,0,0,0
Latvia,LVA,2004,2004,1.9,Baltic,1,2013,1.3152613179013133,37485,19729,1,9,NA,0,0,0,0,Second_Wave_2004,0,2010-2014,10.53172280891893,0.28160966105026436,9.889895599016661,18,324,0,0,0,0
Latvia,LVA,2004,2004,1.9,Baltic,1,2014,3.490238687032833,99472,52354,1,10,NA,0,0,1,0,Second_Wave_2004,1,2010-2014,11.507641529538851,1.2528311624652015,10.865802722721563,19,361,1,0,1,0
Latvia,LVA,2004,2004,1.9,Baltic,1,2015,2.6640137711074203,75924,39960,1,11,NA,0,0,1,0,Second_Wave_2004,1,2015-2019,11.237501289913949,0.9835806286692651,10.595659257474393,20,400,1,0,1,0
Latvia,LVA,2004,2004,1.9,Baltic,1,2016,1.9862492218054832,56608,29794,1,12,NA,0,0,1,0,Second_Wave_2004,0,2015-2019,10.943923262151136,0.691270030718823,10.302095873181079,21,441,1,0,1,0
Latvia,LVA,2004,2004,1.9,Baltic,1,2017,3.0853958585578947,87934,46281,1,13,NA,0,0,1,0,Second_Wave_2004,1,2015-2019,11.384353184170465,1.1299158005612389,10.742508395585617,22,484,1,0,1,0
Latvia,LVA,2004,2004,1.9,Baltic,1,2018,2.7735144924093036,79045,41603,1,14,NA,0,0,1,0,Second_Wave_2004,1,2015-2019,11.277785240471834,1.0237143351697444,10.635951595473024,23,529,1,0,1,0
Latvia,LVA,2004,2004,1.9,Baltic,1,2019,3.0522670219745485,86990,45784,1,15,NA,0,0,1,0,Second_Wave_2004,1,2015-2019,11.373559944009717,1.1191554985197467,10.731711805541833,24,576,1,0,1,0
Latvia,LVA,2004,2004,1.9,Baltic,1,2020,2.4374677785672243,69468,36562,1,16,NA,0,0,1,0,Second_Wave_2004,1,2020-2024,11.148635888880573,0.8950539302969407,10.506792079094383,25,625,1,0,1,0
Latvia,LVA,2004,2004,1.9,Baltic,1,2021,2.243131515979767,63929,33647,1,17,NA,0,0,1,0,Second_Wave_2004,1,2020-2024,11.065544013760773,0.8123210334613714,10.42370889794248,26,676,1,0,1,0
Latvia,LVA,2004,2004,1.9,Baltic,1,2022,2.6756576863862573,76256,40135,1,18,NA,0,0,1,1,Second_Wave_2004,1,2020-2024,11.241864493534683,0.9879256463406427,10.60002896616409,27,729,1,1,1,1
Latvia,LVA,2004,2004,1.9,Baltic,1,2023,3.3938291536830363,96724,50907,1,19,NA,0,0,1,1,Second_Wave_2004,1,2020-2024,11.479627179568714,1.2249010195817256,10.837775361111937,28,784,1,1,1,1
Latvia,LVA,2004,2004,1.9,Baltic,1,2024,3.476458117514848,99079,52147,1,20,NA,0,0,1,1,Second_Wave_2004,1,2020-2024,11.503682883603297,1.2488863548475169,10.86184110878267,29,841,1,1,1,1
Lithuania,LTU,2004,2004,2.8,Baltic,1,1995,2.2878871109569445,96091,34318,0,NA,9,0,0,0,0,Second_Wave_2004,1,1995-1999,11.473061344875086,0.8319900533099501,10.443454415648254,0,0,0,0,0,0
Lithuania,LTU,2004,2004,2.8,Baltic,1,1996,2.3410771319083867,98325,35116,0,NA,8,0,0,0,0,Second_Wave_2004,1,1995-1999,11.496043767601712,0.8548735771475273,10.466440622688136,1,1,0,0,0,0
Lithuania,LTU,2004,2004,2.8,Baltic,1,1997,1.7536372478166595,73653,26305,0,NA,7,0,0,0,0,Second_Wave_2004,0,1995-1999,11.207133731346065,0.5673782946101292,10.177552329028725,2,4,0,0,0,0
Lithuania,LTU,2004,2004,2.8,Baltic,1,1998,2.1071377134369684,88500,31607,0,NA,6,0,0,0,0,Second_Wave_2004,1,1995-1999,11.390769130367211,0.7500650412589864,10.361165532091226,3,9,0,0,0,0
Lithuania,LTU,2004,2004,2.8,Baltic,1,1999,1.77005835886579,74342,26551,0,NA,5,1,0,0,0,Second_Wave_2004,0,1995-1999,11.216444798162097,0.576646149646206,10.18686035339981,4,16,0,0,0,0
Lithuania,LTU,2004,2004,2.8,Baltic,1,2000,2.5330632914090527,106389,37996,0,NA,4,1,0,0,0,Second_Wave_2004,1,2000-2004,11.574866866510412,0.9333693746120046,10.545262488223594,5,25,0,0,0,0
Lithuania,LTU,2004,2004,2.8,Baltic,1,2001,1.1571266943961382,48599,17357,0,NA,3,1,0,0,0,Second_Wave_2004,0,2000-2004,10.791378809888585,0.15454491159010827,9.76180877420419,6,36,0,0,0,0
Lithuania,LTU,2004,2004,2.8,Baltic,1,2002,1.3064941668929533,54873,19598,0,NA,2,1,0,0,0,Second_Wave_2004,0,2000-2004,10.912794926976803,0.27497226917567075,9.88323382350886,7,49,0,0,0,0
Lithuania,LTU,2004,2004,2.8,Baltic,1,2003,2.2580229276046158,94837,33870,0,NA,1,1,0,0,0,Second_Wave_2004,1,2000-2004,11.459925451808523,0.8189084949875192,10.430314470029058,8,64,0,0,0,0
Lithuania,LTU,2004,2004,2.8,Baltic,1,2004,1.9032824347121642,79938,28549,1,0,NA,0,1,0,0,Second_Wave_2004,0,2000-2004,11.289019122805035,0.648820319242711,10.259412215084156,9,81,0,0,0,0
Lithuania,LTU,2004,2004,2.8,Baltic,1,2005,1.7248210178455339,72442,25872,1,1,NA,0,1,0,0,Second_Wave_2004,0,2005-2009,11.190555324723487,0.5509042483342821,10.160955232894292,10,100,0,0,0,0
Lithuania,LTU,2004,2004,2.8,Baltic,1,2006,2.608323973501101,109550,39125,1,2,NA,0,1,0,0,Second_Wave_2004,1,2005-2009,11.60414547323389,0.9625344083040341,10.574542486621258,11,121,0,0,0,0
Lithuania,LTU,2004,2004,2.8,Baltic,1,2007,1.5035096755065025,63147,22552,1,3,NA,0,1,0,0,Second_Wave_2004,0,2005-2009,11.053236456651618,0.41443124226164874,10.02362337377611,12,144,0,0,0,0
Lithuania,LTU,2004,2004,2.8,Baltic,1,2008,1.8918135067168622,79456,28377,1,4,NA,0,1,0,0,Second_Wave_2004,0,2005-2009,11.282971273810652,0.6428079081680589,10.253369476067258,13,169,0,0,0,0
Lithuania,LTU,2004,2004,2.8,Baltic,1,2009,1.2584567663585768,52855,18877,1,5,NA,0,0,0,0,Second_Wave_2004,0,2005-2009,10.875326513709721,0.237801016984125,9.84575250188489,14,196,0,0,0,0
Lithuania,LTU,2004,2004,2.8,Baltic,1,2010,2.3705025466391816,99561,35558,1,6,NA,0,0,0,0,Second_Wave_2004,1,2010-2014,11.508535844668671,0.8673116194435808,10.47894856774761,15,225,0,0,0,0
Lithuania,LTU,2004,2004,2.8,Baltic,1,2011,1.7332687402050941,72797,25999,1,7,NA,0,0,0,0,Second_Wave_2004,0,2010-2014,11.195443761279927,0.5557619372147036,10.165851817003619,16,256,0,0,0,0
Lithuania,LTU,2004,2004,2.8,Baltic,1,2012,2.3732740619033574,99678,35599,1,8,NA,0,0,0,0,Second_Wave_2004,1,2010-2014,11.50971030186823,0.8684751985971061,10.480100916840122,17,289,0,0,0,0
Lithuania,LTU,2004,2004,2.8,Baltic,1,2013,1.476885455143638,62029,22153,1,9,NA,0,0,0,0,Second_Wave_2004,0,2010-2014,11.035373417967163,0.3966836336728184,10.005773346076879,18,324,0,0,0,0
Lithuania,LTU,2004,2004,2.8,Baltic,1,2014,3.3095996553171423,139003,49644,1,10,NA,0,0,1,0,Second_Wave_2004,1,2010-2014,11.842257988677197,1.1998441899095025,10.812652959467695,19,361,1,0,1,0
Lithuania,LTU,2004,2004,2.8,Baltic,1,2015,2.41850871136412,101577,36278,1,11,NA,0,0,1,0,Second_Wave_2004,1,2015-2019,11.528582255246265,0.8872773699350174,10.498994340453384,20,400,1,0,1,0
Lithuania,LTU,2004,2004,2.8,Baltic,1,2016,2.693075370942242,113109,40396,1,12,NA,0,0,1,0,Second_Wave_2004,1,2015-2019,11.636116075525427,0.9943901510869235,10.60651080376628,21,441,1,0,1,0
Lithuania,LTU,2004,2004,2.8,Baltic,1,2017,2.0875320096546783,87676,31313,1,13,NA,0,0,1,0,Second_Wave_2004,1,2015-2019,11.381414886268018,0.7407614201031733,10.351820560871468,22,484,1,0,1,0
Lithuania,LTU,2004,2004,2.8,Baltic,1,2018,3.2589622768061233,136876,48884,1,14,NA,0,0,1,0,Second_Wave_2004,1,2015-2019,11.826837991318296,1.1844725880016223,10.797225879939772,23,529,1,0,1,0
Lithuania,LTU,2004,2004,2.8,Baltic,1,2019,3.3713824598211795,141598,50571,1,15,NA,0,0,1,0,Second_Wave_2004,1,2015-2019,11.860754398069927,1.2182846376538237,10.831153342431788,24,576,1,0,1,0
Lithuania,LTU,2004,2004,2.8,Baltic,1,2020,2.010571144684218,84444,30159,1,16,NA,0,0,1,0,Second_Wave_2004,1,2020-2024,11.343855713852022,0.7033802163414863,10.314271822121892,25,625,1,0,1,0
Lithuania,LTU,2004,2004,2.8,Baltic,1,2021,2.70042428296525,113418,40506,1,17,NA,0,0,1,0,Second_Wave_2004,1,2020-2024,11.638844204741988,0.9971051846168587,10.609230077665776,26,676,1,0,1,0
Lithuania,LTU,2004,2004,2.8,Baltic,1,2022,2.809095557224937,117982,42136,1,18,NA,0,0,1,1,Second_Wave_2004,1,2020-2024,11.67829582527243,1.0364161091186357,10.648681493556756,27,729,1,1,1,1
Lithuania,LTU,2004,2004,2.8,Baltic,1,2023,3.7682005089195445,158264,56523,1,19,NA,0,0,1,1,Second_Wave_2004,1,2020-2024,11.972026122244301,1.3292478404395482,10.942420605702637,28,784,1,1,1,1
Lithuania,LTU,2004,2004,2.8,Baltic,1,2024,3.2864036007178945,138029,49296,1,20,NA,0,0,1,1,Second_Wave_2004,1,2020-2024,11.835226331817625,1.1928320562247494,10.80561850625225,29,841,1,1,1,1
Poland,POL,1999,2004,38,Central,0,1995,2.0468261565547436,1166691,30702,0,NA,4,1,0,0,0,First_Wave_1999,1,1995-1999,13.969682951841495,0.7211640940000886,10.33211564867072,0,0,0,0,0,0
Poland,POL,1999,2004,38,Central,0,1996,2.172317642010748,1238221,32585,0,NA,3,1,0,0,0,First_Wave_1999,1,1995-1999,14.02918703763677,0.7803874506064866,10.3916380272629,1,1,0,0,0,0
Poland,POL,1999,2004,38,Central,0,1997,1.6916984938830137,964268,25375,0,NA,2,1,0,0,0,First_Wave_1999,0,1995-1999,13.779125580309842,0.53162686632876,10.141559124434574,2,4,0,0,0,0
Poland,POL,1999,2004,38,Central,0,1998,2.163055359823629,1232942,32446,0,NA,1,1,0,0,0,First_Wave_1999,1,1995-1999,14.02491455236744,0.7761341771686604,10.38736326793552,3,9,0,0,0,0
Poland,POL,1999,2004,38,Central,0,1999,1.8518697467725724,1055566,27778,1,0,NA,0,1,0,0,First_Wave_1999,0,1995-1999,13.869588621281038,0.6215812230098334,10.232035618540193,4,16,0,0,0,0
Poland,POL,1999,2004,38,Central,0,2000,2.274554346408695,1296496,34118,1,1,NA,0,1,0,0,First_Wave_1999,1,2000-2004,14.075176570036081,0.8261709709300429,10.437609692852554,5,25,0,0,0,0
Poland,POL,1999,2004,38,Central,0,2001,1.9589398246631027,1116596,29384,1,2,NA,0,1,0,0,First_Wave_1999,0,2000-2004,13.925796225127222,0.6774952378203016,10.28823961904675,6,36,0,0,0,0
Poland,POL,1999,2004,38,Central,0,2002,2.5393564111366866,1447433,38090,1,3,NA,0,1,0,0,First_Wave_1999,1,2000-2004,14.185302891534842,0.9358409395256418,10.5477333127379,7,49,0,0,0,0
Poland,POL,1999,2004,38,Central,0,2003,2.547398370616138,1452017,38211,1,4,NA,0,1,0,0,First_Wave_1999,1,2000-2004,14.188464870984255,0.9389904802695764,10.550904881389899,8,64,0,0,0,0
Poland,POL,1999,2004,38,Central,0,2004,2.316702539017424,1320520,34751,1,5,NA,0,0,0,0,First_Wave_1999,1,2000-2004,14.093536913659891,0.8444520459031147,10.455992403293607,9,81,0,0,0,0
Poland,POL,1999,2004,38,Central,0,2005,1.857216746453196,1058614,27858,1,6,NA,0,0,0,0,First_Wave_1999,0,2005-2009,13.872472007963674,0.6244489512616471,10.234911352935114,10,100,0,0,0,0
Poland,POL,1999,2004,38,Central,0,2006,1.8317879346571864,1044119,27477,1,7,NA,0,0,0,0,First_Wave_1999,0,2005-2009,13.85868498334807,0.610736803440577,10.221140963483894,11,121,0,0,0,0
Poland,POL,1999,2004,38,Central,0,2007,2.2130456516798587,1261436,33196,1,8,NA,0,0,0,0,First_Wave_1999,1,2005-2009,14.04776210526921,0.7988781708395097,10.410214789375955,12,144,0,0,0,0
Poland,POL,1999,2004,38,Central,0,2008,1.897521432135254,1081587,28463,1,9,NA,0,0,0,0,First_Wave_1999,0,2005-2009,13.893940889534734,0.6458047198330161,10.256395409905616,13,169,0,0,0,0
Poland,POL,1999,2004,38,Central,0,2009,2.1710703988652678,1237510,32566,1,10,NA,0,0,0,0,First_Wave_1999,1,2005-2009,14.028612662274366,0.7798157649494856,10.391054784724917,14,196,0,0,0,0
Poland,POL,1999,2004,38,Central,0,2010,2.4352916712872683,1388116,36529,1,11,NA,0,0,0,0,First_Wave_1999,1,2010-2014,14.143458710444479,0.8941644087720239,10.505889119789328,15,225,0,0,0,0
Poland,POL,1999,2004,38,Central,0,2011,1.8280608105380087,1041995,27421,1,12,NA,0,0,0,0,First_Wave_1999,0,2010-2014,13.856648662516488,0.6087111085537714,10.2191008899166,16,256,0,0,0,0
Poland,POL,1999,2004,38,Central,0,2012,2.074399181017652,1182408,31116,1,13,NA,0,0,0,0,First_Wave_1999,1,2010-2014,13.983064440784453,0.7344806511424883,10.345509572617173,17,289,0,0,0,0
Poland,POL,1999,2004,38,Central,0,2013,2.1515762776322664,1226398,32274,1,14,NA,0,0,0,0,First_Wave_1999,1,2010-2014,14.019592791144758,0.7708377137151442,10.382048215714843,18,324,0,0,0,0
Poland,POL,1999,2004,38,Central,0,2014,2.858106806883588,1629121,42872,1,15,NA,0,0,1,0,First_Wave_1999,1,2010-2014,14.303551777352004,1.0536521629378082,10.665997536149904,19,361,1,0,0,0
Poland,POL,1999,2004,38,Central,0,2015,2.9257079558447003,1667654,43886,1,16,NA,0,0,1,0,First_Wave_1999,1,2015-2019,14.326929005975243,1.0769486357246496,10.689373427646196,20,400,1,0,0,0
Poland,POL,1999,2004,38,Central,0,2016,2.8919775593001393,1648427,43380,1,17,NA,0,0,1,0,First_Wave_1999,1,2015-2019,14.315332664470942,1.0653924215927244,10.67777683621291,21,441,1,0,0,0
Poland,POL,1999,2004,38,Central,0,2017,2.6941868425160647,1535687,40413,1,18,NA,0,0,1,0,First_Wave_1999,1,2015-2019,14.244489047057078,0.9948012543571552,10.606931538573441,22,484,1,0,0,0
Poland,POL,1999,2004,38,Central,0,2018,2.9801669793389736,1698695,44702,1,19,NA,0,0,1,0,First_Wave_1999,1,2015-2019,14.345371455862768,1.095329231776036,10.70779589244357,23,529,1,0,0,0
Poland,POL,1999,2004,38,Central,0,2019,2.556444894252345,1457174,38347,1,20,NA,0,0,1,0,First_Wave_1999,1,2015-2019,14.192010187779424,0.9425216316216667,10.554457654196888,24,576,1,0,0,0
Poland,POL,1999,2004,38,Central,0,2020,2.626519021298736,1497116,39398,1,21,NA,0,0,1,0,First_Wave_1999,1,2020-2024,14.219051816660345,0.9694594945645758,10.58149571425327,25,625,1,0,0,0
Poland,POL,1999,2004,38,Central,0,2021,2.3963312059082087,1365909,35945,1,22,NA,0,0,1,0,First_Wave_1999,1,2020-2024,14.127331431144357,0.8781032663944143,10.48977309131198,26,676,1,0,0,0
Poland,POL,1999,2004,38,Central,0,2022,2.9173246314097194,1662875,43760,1,23,NA,0,0,1,1,First_Wave_1999,1,2020-2024,14.324059191354138,1.0740889108217184,10.686498288754322,27,729,1,1,0,0
Poland,POL,1999,2004,38,Central,0,2023,2.6000243005529047,1482014,39000,1,24,NA,0,0,1,1,First_Wave_1999,1,2020-2024,14.208913206244437,0.9593595318479274,10.571342565808699,28,784,1,1,0,0
Poland,POL,1999,2004,38,Central,0,2024,3.0928130456339566,1762903,46392,1,25,NA,0,0,1,1,First_Wave_1999,1,2020-2024,14.38247300725986,1.1323091340971718,10.744903864764554,29,841,1,1,0,0
Romania,ROU,2004,2007,19.3,Balkans,0,1995,1.4919738094788044,431926,22380,0,NA,9,0,0,0,0,Second_Wave_2004,0,1995-1999,12.976011871465786,0.40678011609191533,10.01596766362013,0,0,0,0,0,0
Romania,ROU,2004,2007,19.3,Balkans,0,1996,1.7772391382977368,514511,26659,0,NA,8,0,0,0,0,Second_Wave_2004,0,1995-1999,13.15097415759941,0.5806720483195907,10.1909195937327,1,1,0,0,0,0
Romania,ROU,2004,2007,19.3,Balkans,0,1997,2.2194999824557455,642545,33292,0,NA,7,0,0,0,0,Second_Wave_2004,1,1995-1999,13.373193688519429,0.8017773372162511,10.413102443661062,2,4,0,0,0,0
Romania,ROU,2004,2007,19.3,Balkans,0,1998,2.1504539684578776,622556,32257,0,NA,6,0,0,0,0,Second_Wave_2004,1,1995-1999,13.341590469394125,0.7703183701956815,10.381521353477128,3,9,0,0,0,0
Romania,ROU,2004,2007,19.3,Balkans,0,1999,2.009343193853274,581705,30140,0,NA,5,1,0,0,0,Second_Wave_2004,1,1995-1999,13.27372044444081,0.7027723069820989,10.313641650130425,4,16,0,0,0,0
Romania,ROU,2004,2007,19.3,Balkans,0,2000,2.0937327116262168,606136,31406,0,NA,4,1,0,0,0,Second_Wave_2004,1,2000-2004,13.314861312108151,0.7437132486049604,10.354786076987464,5,25,0,0,0,0
Romania,ROU,2004,2007,19.3,Balkans,0,2001,2.182279868507758,631770,32734,0,NA,3,1,0,0,0,Second_Wave_2004,1,2000-2004,13.356282265695201,0.7849420381746648,10.396200120875191,6,36,0,0,0,0
Romania,ROU,2004,2007,19.3,Balkans,0,2002,1.8707901367265733,541594,28062,0,NA,2,1,0,0,0,Second_Wave_2004,0,2000-2004,13.202273768632123,0.6316919740395068,10.24220726169782,7,49,0,0,0,0
Romania,ROU,2004,2007,19.3,Balkans,0,2003,1.6478019281942398,477039,24717,0,NA,1,1,0,0,0,Second_Wave_2004,0,2000-2004,13.075355623796987,0.5054925852788709,10.11528700214968,8,64,0,0,0,0
Romania,ROU,2004,2007,19.3,Balkans,0,2004,2.037003500815481,589713,30555,1,0,NA,0,1,0,0,Second_Wave_2004,1,2000-2004,13.287392952591981,0.7163770168953162,10.32731634466125,9,81,0,0,0,0
Romania,ROU,2004,2007,19.3,Balkans,0,2005,1.7848607392050329,516717,26773,1,1,NA,0,1,0,0,Second_Wave_2004,0,2005-2009,13.155252550130664,0.5849274363149748,10.195186546345843,10,100,0,0,0,0
Romania,ROU,2004,2007,19.3,Balkans,0,2006,1.3148108224291355,380638,19722,1,2,NA,0,1,0,0,Second_Wave_2004,0,2005-2009,12.849606698379068,0.2812696737196092,9.889540746403503,11,121,0,0,0,0
Romania,ROU,2004,2007,19.3,Balkans,0,2007,1.993142445739359,577015,29897,1,3,NA,0,1,0,0,Second_Wave_2004,0,2005-2009,13.265625274741826,0.6947171703504308,10.30554686750946,12,144,0,0,0,0
Romania,ROU,2004,2007,19.3,Balkans,0,2008,1.733647578554228,501891,26005,1,4,NA,0,1,0,0,Second_Wave_2004,0,2005-2009,13.126140236085826,0.5559792285495064,10.166082559611265,13,169,0,0,0,0
Romania,ROU,2004,2007,19.3,Balkans,0,2009,2.293182034660131,663876,34398,1,5,NA,0,0,0,0,Second_Wave_2004,1,2005-2009,13.40585217033549,0.8342916601204766,10.445782773171514,14,196,0,0,0,0
Romania,ROU,2004,2007,19.3,Balkans,0,2010,1.4843714194372295,429726,22266,1,6,NA,0,0,0,0,Second_Wave_2004,0,2010-2014,12.970905402324803,0.4017056632006336,10.010861040804457,15,225,0,0,0,0
Romania,ROU,2004,2007,19.3,Balkans,0,2011,1.7377199455071242,503070,26066,1,7,NA,0,0,0,0,Second_Wave_2004,0,2010-2014,13.12848659220223,0.5583120501568956,10.168425425507316,16,256,0,0,0,0
Romania,ROU,2004,2007,19.3,Balkans,0,2012,2.2698570328112693,657124,34048,1,8,NA,0,0,0,0,Second_Wave_2004,1,2010-2014,13.39562953812175,0.8241127360929764,10.435555942570769,17,289,0,0,0,0
Romania,ROU,2004,2007,19.3,Balkans,0,2013,2.1833410098869357,632077,32750,1,9,NA,0,0,0,0,Second_Wave_2004,1,2010-2014,13.356768083235172,0.7854259566114422,10.396688774948379,18,324,0,0,0,0
Romania,ROU,2004,2007,19.3,Balkans,0,2014,2.1964273439347743,635866,32946,1,10,NA,0,0,1,0,Second_Wave_2004,1,2010-2014,13.362744700956872,0.7913746209889791,10.40265548874465,19,361,1,0,0,0
Romania,ROU,2004,2007,19.3,Balkans,0,2015,1.718093735910952,497388,25771,1,11,NA,0,0,1,0,Second_Wave_2004,0,2015-2019,13.11712769510891,0.5470189142294778,10.157043910258533,20,400,1,0,0,0
Romania,ROU,2004,2007,19.3,Balkans,0,2016,1.9602731319982558,567499,29404,1,12,NA,0,0,1,0,Second_Wave_2004,0,2015-2019,13.248996028337695,0.6781721788238664,10.288920006894056,21,441,1,0,0,0
Romania,ROU,2004,2007,19.3,Balkans,0,2017,2.02598814971745,586524,30390,1,13,NA,0,0,1,0,Second_Wave_2004,1,2015-2019,13.281970571913167,0.7109812782968044,10.321901790930502,22,484,1,0,0,0
Romania,ROU,2004,2007,19.3,Balkans,0,2018,2.3917240398190915,692404,35876,1,14,NA,0,0,1,0,Second_Wave_2004,1,2015-2019,13.447926323517505,0.8761868293887103,10.487851700636917,23,529,1,0,0,0
Romania,ROU,2004,2007,19.3,Balkans,0,2019,1.8381769990175962,532152,27573,1,15,NA,0,0,1,0,Second_Wave_2004,0,2015-2019,13.184686320961521,0.6141997473221821,10.224628578731574,24,576,1,0,0,0
Romania,ROU,2004,2007,19.3,Balkans,0,2020,2.7152904509566724,786077,40729,1,16,NA,0,0,1,0,Second_Wave_2004,1,2020-2024,13.574811303128936,1.0025750099421984,10.614720200642457,25,625,1,0,0,0
Romania,ROU,2004,2007,19.3,Balkans,0,2021,2.6272236579004673,760581,39408,1,17,NA,0,0,1,0,Second_Wave_2004,1,2020-2024,13.541839208669048,0.9697267190572321,10.581749495596627,26,676,1,0,0,0
Romania,ROU,2004,2007,19.3,Balkans,0,2022,2.554862571163103,739633,38323,1,18,NA,0,0,1,1,Second_Wave_2004,1,2020-2024,13.513910748233506,0.9419048986934371,10.553831610770764,27,729,1,1,0,0
Romania,ROU,2004,2007,19.3,Balkans,0,2023,2.7146872379537674,785902,40720,1,19,NA,0,0,1,1,Second_Wave_2004,1,2020-2024,13.574588654126533,1.002353646465208,10.614499208879641,28,784,1,1,0,0
Romania,ROU,2004,2007,19.3,Balkans,0,2024,2.630949042001739,761660,39464,1,20,NA,0,0,1,1,Second_Wave_2004,1,2020-2024,13.543256853789712,0.9711383381654747,10.583169482142504,29,841,1,1,0,0
Slovakia,SVK,2004,2004,5.5,Central,0,1995,1.098635750822723,90637,16479,0,NA,9,0,0,0,0,Second_Wave_2004,0,1995-1999,11.414628830145118,0.10313020610592873,9.709902803463462,0,0,0,0,0,0
Slovakia,SVK,2004,2004,5.5,Central,0,1996,1.633449966777116,134760,24502,0,NA,8,0,0,0,0,Second_Wave_2004,0,1995-1999,11.81125811809254,0.49679767056601754,10.106550838016146,1,1,0,0,0,0
Slovakia,SVK,2004,2004,5.5,Central,0,1997,1.2763727598171681,105301,19146,0,NA,7,0,0,0,0,Second_Wave_2004,0,1995-1999,11.564587691294022,0.2518264437030994,9.859901324373205,2,4,0,0,0,0
Slovakia,SVK,2004,2004,5.5,Central,0,1998,1.5092665645945817,124514,22639,0,NA,6,0,0,0,0,Second_Wave_2004,0,1995-1999,11.732181469557245,0.41822769511332053,10.027473532317119,3,9,0,0,0,0
Slovakia,SVK,2004,2004,5.5,Central,0,1999,1.5171435062866658,125164,22757,0,NA,5,1,0,0,0,Second_Wave_2004,0,1995-1999,11.737388145850336,0.42339900105233236,10.032672010916954,4,16,0,0,0,0
Slovakia,SVK,2004,2004,5.5,Central,0,2000,1.8804914163891226,155141,28207,0,NA,4,1,0,0,0,Second_Wave_2004,0,2000-2004,11.952096105543564,0.636836803946648,10.24736090463765,5,25,0,0,0,0
Slovakia,SVK,2004,2004,5.5,Central,0,2001,1.9555775126814843,161335,29334,0,NA,3,1,0,0,0,Second_Wave_2004,0,2000-2004,11.991244425819678,0.6757861017246547,10.28653662135996,6,36,0,0,0,0
Slovakia,SVK,2004,2004,5.5,Central,0,2002,1.6468757211044431,135867,24703,0,NA,2,1,0,0,0,Second_Wave_2004,0,2000-2004,11.819439105157134,0.5049337332806392,10.114720452824503,7,49,0,0,0,0
Slovakia,SVK,2004,2004,5.5,Central,0,2003,2.023795091472566,166963,30357,0,NA,1,1,0,0,0,Second_Wave_2004,1,2000-2004,12.02553349929831,0.7099035508960145,10.320815353186804,8,64,0,0,0,0
Slovakia,SVK,2004,2004,5.5,Central,0,2004,1.3818353048153222,114001,20727,1,0,NA,0,1,0,0,Second_Wave_2004,0,2000-2004,11.643971271082389,0.33062323940616223,9.939240722241946,9,81,0,0,0,0
Slovakia,SVK,2004,2004,5.5,Central,0,2005,1.725319276470691,142339,25880,1,1,NA,0,1,0,0,Second_Wave_2004,0,2005-2009,11.865973840853263,0.5511914174896027,10.161264387744689,10,100,0,0,0,0
Slovakia,SVK,2004,2004,5.5,Central,0,2006,1.730183863444254,142740,25953,1,2,NA,0,1,0,0,Second_Wave_2004,0,2005-2009,11.868787078245228,0.5539907762900225,10.164081019297177,11,121,0,0,0,0
Slovakia,SVK,2004,2004,5.5,Central,0,2007,1.7686178524792195,145911,26529,1,3,NA,0,1,0,0,Second_Wave_2004,0,2005-2009,11.890758979243834,0.5758365753103025,10.186031447131786,12,144,0,0,0,0
Slovakia,SVK,2004,2004,5.5,Central,0,2008,1.3649106082692741,112605,20474,1,4,NA,0,1,0,0,Second_Wave_2004,0,2005-2009,11.631650279236109,0.3183887168373514,9.92695990872127,13,169,0,0,0,0
Slovakia,SVK,2004,2004,5.5,Central,0,2009,1.5437529330234976,127360,23156,1,5,NA,0,0,0,0,Second_Wave_2004,0,2005-2009,11.75478085280618,0.4406732515471952,10.050052389617964,14,196,0,0,0,0
Slovakia,SVK,2004,2004,5.5,Central,0,2010,1.3209498211275785,108978,19814,1,6,NA,0,0,0,0,Second_Wave_2004,0,2010-2014,11.598910482099393,0.28589283857276404,9.894194505624535,15,225,0,0,0,0
Slovakia,SVK,2004,2004,5.5,Central,0,2011,1.6791630288027226,138531,25187,1,7,NA,0,0,0,0,Second_Wave_2004,0,2010-2014,11.838856624853706,0.5242331570294191,10.134122969608633,16,256,0,0,0,0
Slovakia,SVK,2004,2004,5.5,Central,0,2012,1.7543613801989704,144735,26315,1,8,NA,0,0,0,0,Second_Wave_2004,0,2010-2014,11.88266667227757,0.5677888006611972,10.177932398205888,17,289,0,0,0,0
Slovakia,SVK,2004,2004,5.5,Central,0,2013,1.2600781804136931,103956,18901,1,9,NA,0,0,0,0,Second_Wave_2004,0,2010-2014,11.551732631086258,0.23907845795665972,9.847023015555001,18,324,0,0,0,0
Slovakia,SVK,2004,2004,5.5,Central,0,2014,2.218902525268495,183059,33283,1,10,NA,0,0,1,0,Second_Wave_2004,1,2010-2014,12.11756924693877,0.8015093231956274,10.412832080020321,19,361,1,0,0,0
Slovakia,SVK,2004,2004,5.5,Central,0,2015,2.114066529320553,174410,31711,1,11,NA,0,0,1,0,Second_Wave_2004,1,2015-2019,12.069169861862468,0.7533324255447758,10.364450437129715,20,400,1,0,0,0
Slovakia,SVK,2004,2004,5.5,Central,0,2016,2.1808957601804284,179924,32713,1,12,NA,0,0,1,0,Second_Wave_2004,1,2015-2019,12.100295376376005,0.7843104831147779,10.395558399818471,21,441,1,0,0,0
Slovakia,SVK,2004,2004,5.5,Central,0,2017,1.816133559430018,149831,27242,1,13,NA,0,0,1,0,Second_Wave_2004,0,2015-2019,11.91726994540969,0.6022009226688206,10.212551886357938,22,484,1,0,0,0
Slovakia,SVK,2004,2004,5.5,Central,0,2018,1.8905685017537326,155972,28359,1,14,NA,0,0,1,0,Second_Wave_2004,0,2015-2019,11.957438194329058,0.6421530528669093,10.252734980646064,23,529,1,0,0,0
Slovakia,SVK,2004,2004,5.5,Central,0,2019,2.171066288566217,179113,32566,1,15,NA,0,0,1,0,Second_Wave_2004,1,2015-2019,12.095777753614678,0.7798138804147515,10.391054784724917,24,576,1,0,0,0
Slovakia,SVK,2004,2004,5.5,Central,0,2020,2.510105936741456,207084,37652,1,16,NA,0,0,1,0,Second_Wave_2004,1,2020-2024,12.240884615982218,0.9243009390292103,10.536167911328556,25,625,1,0,0,0
Slovakia,SVK,2004,2004,5.5,Central,0,2021,1.9246783700678498,158786,28870,1,17,NA,0,0,1,0,Second_Wave_2004,0,2020-2024,11.975318960464286,0.6599410956469663,10.270592910089658,26,676,1,0,0,0
Slovakia,SVK,2004,2004,5.5,Central,0,2022,2.267989918990061,187109,34020,1,18,NA,0,0,1,1,Second_Wave_2004,1,2020-2024,12.139451958188278,0.823293439637701,10.434733259991683,27,729,1,1,0,0
Slovakia,SVK,2004,2004,5.5,Central,0,2023,2.334108763532713,192564,35012,1,19,NA,0,0,1,1,Second_Wave_2004,1,2020-2024,12.16818903805254,0.8519052714628175,10.463474700080463,28,784,1,1,0,0
Slovakia,SVK,2004,2004,5.5,Central,0,2024,2.575302679473534,212462,38629,1,20,NA,0,0,1,1,Second_Wave_2004,1,2020-2024,12.266523134539312,0.9498425918112399,10.561784455660327,29,841,1,1,0,0
